<?xml version="1.0" encoding="UTF-8"?><CodeSystem xmlns="http://hl7.org/fhir"><id value="cd-hcparty"/><text><status value="generated"/><div xmlns="http://www.w3.org/1999/xhtml"><h2>CodeSystem CD-HCPARTY</h2><div><p>healthcare party in Belgium.</p>
</div><p>This code system https://www.ehealth.fgov.be/standards/fhir/CodeSystem/cd-hcparty defines the following codes:</p><table class="codes"><tr><td style="white-space:nowrap"><b>Code</b></td><td><b>Display</b></td><td><b>Definition</b></td></tr><tr><td style="white-space:nowrap">persphysician<a name="cd-hcparty-persphysician"> </a></td><td>persphysician</td><td/></tr><tr><td style="white-space:nowrap">orghospital<a name="cd-hcparty-orghospital"> </a></td><td>orghospital</td><td/></tr></table></div></text><url value="https://www.ehealth.fgov.be/standards/fhir/CodeSystem/cd-hcparty"/><version value="1.1.0"/><name value="Cdhcparty"/><title value="CodeSystem CD-HCPARTY"/><status value="active"/><date value="2020-05-05T12:22:28+02:00"/><publisher value="eHealth Platform"/><contact><name value="Etienne Cantineau"/><telecom><system value="email"/><value value="etienne.cantineau@ehealth.fgov.be"/></telecom></contact><description value="healthcare party in Belgium."/><content value="complete"/><concept><code value="persphysician"/><display value="persphysician"/></concept><concept><code value="orghospital"/><display value="orghospital"/></concept></CodeSystem>