<?xml version="1.0" encoding="UTF-8"?><ValueSet xmlns="http://hl7.org/fhir"><id value="be-exposureroute"/><text><status value="generated"/><div xmlns="http://www.w3.org/1999/xhtml"><h2>ValueSet exposureroute</h2><div><p>Codes to illustrate differentiating types of exposure route. This valueset supports the Belgian federal FHIR profiling effort.</p>
</div><ul/><p>This value set includes codes based on the following rules:</p></div></text><url value="https://www.ehealth.fgov.be/standards/fhir/ValueSet/be-exposureroute"/><version value="1.1.0"/><name value="BeExposureRoute"/><title value="ValueSet exposureroute"/><status value="active"/><date value="2020-05-05T12:22:28+02:00"/><publisher value="eHealth Platform"/><contact><name value="Etienne Cantineau"/><telecom><system value="email"/><value value="etienne.cantineau@ehealth.fgov.be"/></telecom></contact><description value="Codes to illustrate differentiating types of exposure route. This valueset supports the Belgian federal FHIR profiling effort."/></ValueSet>