{
  "resourceType": "PractitionerRole",
  "id": "practitionerrole1",
  "meta": {
    "profile": [
      "https://www.ehealth.fgov.be/standards/fhir/StructureDefinition/be-practitionerrole"
    ]
  },
  "text": {
    "status": "generated",
    "div": "<div xmlns=\"http://www.w3.org/1999/xhtml\"><p><b>Generated Narrative with Details</b></p><p><b>id</b>: practitionerrole1</p><p><b>meta</b>: </p><p><b>identifier</b>: 23</p><p><b>active</b>: true</p><p><b>period</b>: 01-août-2019 2:00:00 --&gt; 01-déc.-2019 1:00:00</p><p><b>practitioner</b>: <a href=\"Practitioner-practitioner1.html\">Dr Katherine Pulaski. Generated Summary: id: practitioner1; 79121137740 (OFFICIAL), 18749704477 (OFFICIAL); Katherine Pulaski (OFFICIAL); katherine.pulaski@enterprisehospital.be(WORK), ph: 022675198(WORK), fax: 022675209(WORK); gender: female; birthDate: 1979-12-11</a></p><p><b>code</b>: persphysician <span style=\"background: LightGoldenRodYellow\">(Details : {https://www.ehealth.fgov.be/standards/fhir/CodeSystem/cd-hcparty code 'persphysician' = 'persphysician', given as 'persphysician'})</span></p><p><b>specialty</b>: Family practice <span style=\"background: LightGoldenRodYellow\">(Details : {SNOMED CT code '419772000' = 'Family practice (qualifier value)', given as 'Family practice'})</span></p><blockquote><p><b>availableTime</b></p><p><b>daysOfWeek</b>: mon, tue, wed</p><p><b>availableStartTime</b>: </p><p><b>availableEndTime</b>: </p></blockquote><blockquote><p><b>availableTime</b></p><p><b>daysOfWeek</b>: thu, fri</p><p><b>availableStartTime</b>: </p><p><b>availableEndTime</b>: </p></blockquote><h3>NotAvailables</h3><table class=\"grid\"><tr><td>-</td><td><b>Description</b></td><td><b>During</b></td></tr><tr><td>*</td><td>Katherine will be on extended leave during August 2020</td><td>01-août-2020 2:00:00 --&gt; 20-août-2020 2:00:00</td></tr></table><p><b>availabilityExceptions</b>: Katherine is generally unavailable on public holidays and during the Christmas/New Year break</p></div>"
  },
  "identifier": [
    {
      "system": "http://www.acme.org/practitioners",
      "value": "23"
    }
  ],
  "active": true,
  "period": {
    "start": "2019-08-01T00:00:00.000Z",
    "end": "2019-12-01T00:00:00.000Z"
  },
  "practitioner": {
    "reference": "Practitioner/practitioner1",
    "display": "Dr Katherine Pulaski"
  },
  "code": [
    {
      "coding": [
        {
          "system": "https://www.ehealth.fgov.be/standards/fhir/CodeSystem/cd-hcparty",
          "code": "persphysician",
          "display": "persphysician"
        }
      ]
    }
  ],
  "specialty": [
    {
      "coding": [
        {
          "system": "http://snomed.info/sct",
          "code": "419772000",
          "display": "Family practice"
        }
      ]
    }
  ],
  "availableTime": [
    {
      "daysOfWeek": [
        "mon",
        "tue",
        "wed"
      ],
      "availableStartTime": "09:00:00",
      "availableEndTime": "16:30:00"
    },
    {
      "daysOfWeek": [
        "thu",
        "fri"
      ],
      "availableStartTime": "09:00:00",
      "availableEndTime": "16:30:00"
    }
  ],
  "notAvailable": [
    {
      "description": "Katherine will be on extended leave during August 2020",
      "during": {
        "start": "2020-08-01T00:00:00.000Z",
        "end": "2020-08-20T00:00:00.000Z"
      }
    }
  ],
  "availabilityExceptions": "Katherine is generally unavailable on public holidays and during the Christmas/New Year break"
}