<?xml version="1.0" encoding="UTF-8"?>

<PractitionerRole xmlns="http://hl7.org/fhir">
  <id value="practitionerrole1"/>
  <meta>
    <profile value="https://www.ehealth.fgov.be/standards/fhir/StructureDefinition/be-practitionerrole"/>
  </meta>
  <text>
    <status value="generated"/><div xmlns="http://www.w3.org/1999/xhtml"><p><b>Generated Narrative with Details</b></p><p><b>id</b>: practitionerrole1</p><p><b>meta</b>: </p><p><b>identifier</b>: 23</p><p><b>active</b>: true</p><p><b>period</b>: 01-août-2019 2:00:00 --&gt; 01-déc.-2019 1:00:00</p><p><b>practitioner</b>: <a href="Practitioner-practitioner1.html">Dr Katherine Pulaski. Generated Summary: id: practitioner1; 79121137740 (OFFICIAL), 18749704477 (OFFICIAL); Katherine Pulaski (OFFICIAL); katherine.pulaski@enterprisehospital.be(WORK), ph: 022675198(WORK), fax: 022675209(WORK); gender: female; birthDate: 1979-12-11</a></p><p><b>code</b>: persphysician <span style="background: LightGoldenRodYellow">(Details : {https://www.ehealth.fgov.be/standards/fhir/CodeSystem/cd-hcparty code 'persphysician' = 'persphysician', given as 'persphysician'})</span></p><p><b>specialty</b>: Family practice <span style="background: LightGoldenRodYellow">(Details : {SNOMED CT code '419772000' = 'Family practice (qualifier value)', given as 'Family practice'})</span></p><blockquote><p><b>availableTime</b></p><p><b>daysOfWeek</b>: mon, tue, wed</p><p><b>availableStartTime</b>: </p><p><b>availableEndTime</b>: </p></blockquote><blockquote><p><b>availableTime</b></p><p><b>daysOfWeek</b>: thu, fri</p><p><b>availableStartTime</b>: </p><p><b>availableEndTime</b>: </p></blockquote><h3>NotAvailables</h3><table class="grid"><tr><td>-</td><td><b>Description</b></td><td><b>During</b></td></tr><tr><td>*</td><td>Katherine will be on extended leave during August 2020</td><td>01-août-2020 2:00:00 --&gt; 20-août-2020 2:00:00</td></tr></table><p><b>availabilityExceptions</b>: Katherine is generally unavailable on public holidays and during the Christmas/New Year break</p></div>
  </text>
  <identifier>
    <system value="http://www.acme.org/practitioners"/>
    <value value="23"/>
  </identifier>
  <active value="true"/>
  <period>
    <start value="2019-08-01T00:00:00.000Z"/>
    <end value="2019-12-01T00:00:00.000Z"/>
  </period>
  <practitioner>
    <reference value="Practitioner/practitioner1"/>
    <display value="Dr Katherine Pulaski"/>
  </practitioner>
  <code>
    <coding>
      <system value="https://www.ehealth.fgov.be/standards/fhir/CodeSystem/cd-hcparty"/>
      <code value="persphysician"/>
      <display value="persphysician"/>
    </coding>
  </code>
  <specialty>
    <coding>
      <system value="http://snomed.info/sct"/>
      <code value="419772000"/>
      <display value="Family practice"/>
    </coding>
  </specialty>
  <availableTime>
    <daysOfWeek value="mon"/>
    <daysOfWeek value="tue"/>
    <daysOfWeek value="wed"/>
    <availableStartTime value="09:00:00"/>
    <availableEndTime value="16:30:00"/>
  </availableTime>
  <availableTime>
    <daysOfWeek value="thu"/>
    <daysOfWeek value="fri"/>
    <availableStartTime value="09:00:00"/>
    <availableEndTime value="16:30:00"/>
  </availableTime>
  <notAvailable>
    <description value="Katherine will be on extended leave during August 2020"/>
    <during>
      <start value="2020-08-01T00:00:00.000Z"/>
      <end value="2020-08-20T00:00:00.000Z"/>
    </during>
  </notAvailable>
  <availabilityExceptions value="Katherine is generally unavailable on public holidays and during the Christmas/New Year break"/>
</PractitionerRole>