{
  "resourceType": "Provenance",
  "id": "provenance1",
  "meta": {
    "profile": [
      "https://www.ehealth.fgov.be/standards/fhir/StructureDefinition/be-provenance"
    ]
  },
  "text": {
    "status": "generated",
    "div": "<div xmlns=\"http://www.w3.org/1999/xhtml\"><p><b>Generated Narrative with Details</b></p><p><b>id</b>: provenance1</p><p><b>meta</b>: </p><p><b>target</b>: <a href=\"Practitioner-practitioner1.html\">Generated Summary: id: practitioner1; 79121137740 (OFFICIAL), 18749704477 (OFFICIAL); Katherine Pulaski (OFFICIAL); katherine.pulaski@enterprisehospital.be(WORK), ph: 022675198(WORK), fax: 022675209(WORK); gender: female; birthDate: 1979-12-11</a></p><p><b>recorded</b>: 27-juin-2019 8:39:24</p><p><b>reason</b>: Healthcare Operations <span style=\"background: LightGoldenRodYellow\">(Details : {http://terminology.hl7.org/CodeSystem/v3-ActReason code 'HOPERAT' = 'healthcare operations', given as 'Healthcare Operations'})</span></p><p><b>activity</b>: create <span style=\"background: LightGoldenRodYellow\">(Details : {http://terminology.hl7.org/CodeSystem/v3-DataOperation code 'CREATE' = 'create)</span></p><h3>Agents</h3><table class=\"grid\"><tr><td>-</td><td><b>Type</b></td><td><b>Who</b></td></tr><tr><td>*</td><td>Author <span style=\"background: LightGoldenRodYellow\">(Details : {http://terminology.hl7.org/CodeSystem/provenance-participant-type code 'author' = 'Author)</span></td><td><a href=\"Organization-organization1.html\">Enterprise Hospital Ziekenhuis. Generated Summary: id: organization1; Provider Number = 0425.222.333 (OFFICIAL), Medical License number = 999999999 (OFFICIAL); active; <span title=\"Codes: {https://www.ehealth.fgov.be/standards/fhir/CodeSystem/cd-hcparty orghospital}\">orghospital</span>; name: Enterprise Hospital Ziekenhuis; ph: 322675199(WORK)</a></td></tr></table></div>"
  },
  "target": [
    {
      "reference": "Practitioner/practitioner1"
    }
  ],
  "recorded": "2019-06-27T08:39:24+02:00",
  "reason": [
    {
      "coding": [
        {
          "system": "http://terminology.hl7.org/CodeSystem/v3-ActReason",
          "code": "HOPERAT",
          "display": "Healthcare Operations"
        }
      ]
    }
  ],
  "activity": {
    "coding": [
      {
        "system": "http://terminology.hl7.org/CodeSystem/v3-DataOperation",
        "code": "CREATE"
      }
    ]
  },
  "agent": [
    {
      "type": {
        "coding": [
          {
            "system": "http://terminology.hl7.org/CodeSystem/provenance-participant-type",
            "code": "author"
          }
        ]
      },
      "who": {
        "reference": "Organization/organization1",
        "display": "Enterprise Hospital Ziekenhuis"
      }
    }
  ]
}