{"resourceType":"ValueSet","id":"be-allergyintolerancecode","text":{"status":"generated","div":"<div xmlns=\"http://www.w3.org/1999/xhtml\"><h2>ValueSet allergy intolerance code</h2><div><p>Codes as communicated by NIHDI and the FOD Terminology Center differentiating types of allergy intolerance codes. This valueset supports the Belgian federal FHIR profiling effort.</p>\n</div><ul><li>Import all the codes that are contained in <a href=\"ValueSet-be-causativeagent.html\">https://www.ehealth.fgov.be/standards/fhir/ValueSet/be-causativeagent</a></li><li>Import all the codes that are contained in <a href=\"ValueSet-be-noallergy.html\">https://www.ehealth.fgov.be/standards/fhir/ValueSet/be-noallergy</a></li></ul><p>This value set includes codes based on the following rules:</p></div>"},"url":"https://www.ehealth.fgov.be/standards/fhir/ValueSet/be-allergyintolerancecode","version":"1.1.0","name":"BeAllergyIntoleranceCode","title":"ValueSet allergy intolerance code","status":"active","date":"2020-05-05T12:22:28+02:00","publisher":"eHealth Platform","contact":[{"name":"Etienne Cantineau","telecom":[{"system":"email","value":"etienne.cantineau@ehealth.fgov.be"}]}],"description":"Codes as communicated by NIHDI and the FOD Terminology Center differentiating types of allergy intolerance codes. This valueset supports the Belgian federal FHIR profiling effort.","compose":{"include":[{"valueSet":["https://www.ehealth.fgov.be/standards/fhir/ValueSet/be-causativeagent"]},{"valueSet":["https://www.ehealth.fgov.be/standards/fhir/ValueSet/be-noallergy"]}]}}